{"loss": [4.2271647453308105, 3.6388039588928223, 3.116753101348877, 2.6192193031311035, 2.222730875015259, 1.8784857988357544, 1.562089443206787, 1.2683765888214111, 1.0604530572891235, 0.8938414454460144], "accuracy": [0.04492753744125366, 0.12202898412942886, 0.22014492750167847, 0.3228985369205475, 0.40710145235061646, 0.483768105506897, 0.5634782314300537, 0.6284058094024658, 0.6973913311958313, 0.7297101616859436], "val_loss": [3.863999128341675, 3.345219373703003, 2.550778865814209, 2.0702695846557617, 1.6659510135650635, 1.362160086631775, 1.0629491806030273, 0.7421900033950806, 0.5151922106742859, 0.39911243319511414], "val_accuracy": [0.09420289844274521, 0.17536231875419617, 0.34057971835136414, 0.458695650100708, 0.5579710006713867, 0.6166666746139526, 0.6920289993286133, 0.7971014380455017, 0.8514492511749268, 0.876086950302124]}